key,en,context
"home_emergencysossystem","home.emergencySOSSystem","app\page.tsx"
"home_emergencysosdescription","home.emergencySOSDescription","app\page.tsx"
"home_emergencyresponsecenter","home.emergencyResponseCenter","app\page.tsx"
"home_emergencyresponsecenterdescription","home.emergencyResponseCenterDescription","app\page.tsx"
"safetyguidelines","safetyGuidelines","app\safety\page.tsx"
"safetysubtitle","safetySubtitle","app\safety\page.tsx"
"emergencyprotocols","emergencyProtocols","app\safety\page.tsx"
"privacypolicy","privacyPolicy","app\safety\page.tsx; app\join\page.tsx"
"downloadpdf","downloadPDF","app\safety\page.tsx"
"criticalreminder","criticalReminder","app\safety\page.tsx"
"criticalremindertext","criticalReminderText","app\safety\page.tsx"
"emergencysafetyprotocols","emergencySafetyProtocols","app\safety\page.tsx"
"dosanddonts","dosAndDonts","app\safety\page.tsx"
"thingstodo","thingsToDo","app\safety\page.tsx"
"thingsnottodo","thingsNotToDo","app\safety\page.tsx"
"privacydatahandling","privacyDataHandling","app\safety\page.tsx"
"yourprivacymatters","yourPrivacyMatters","app\safety\page.tsx"
"privacydescription","privacyDescription","app\safety\page.tsx"
"gdprcompliance","gdprCompliance","app\safety\page.tsx"
"gdprtext","gdprText","app\safety\page.tsx"
"right1","right1","app\safety\page.tsx"
"right2","right2","app\safety\page.tsx"
"right3","right3","app\safety\page.tsx"
"right4","right4","app\safety\page.tsx"
"right5","right5","app\safety\page.tsx"
"legaldisclaimers","legalDisclaimers","app\safety\page.tsx"
"fullterms","fullTerms","app\safety\page.tsx"
"legalpage","legalPage","app\safety\page.tsx"
"lastupdated","lastUpdated","app\safety\page.tsx"
"responderbestpractices","responderBestPractices","app\safety\page.tsx"
"responderguidelines","responderGuidelines","app\safety\page.tsx"
"responderguidelinesdesc","responderGuidelinesDesc","app\safety\page.tsx"
"downloadguidelines","downloadGuidelines","app\safety\page.tsx"
"downloadguidelinesdesc","downloadGuidelinesDesc","app\safety\page.tsx"
"questionsorconcerns","questionsOrConcerns","app\safety\page.tsx"
"supportteamavailable","supportTeamAvailable","app\safety\page.tsx"
"contactsupport","contactSupport","app\safety\page.tsx; app\docs\page.tsx; app\contact\page.tsx"
"viewdocumentation","viewDocumentation","app\safety\page.tsx"
"becomeverifiedresponder","becomeVerifiedResponder","app\responders\page.tsx; app\join\page.tsx"
"joinrespondernetwork","joinResponderNetwork","app\responders\page.tsx"
"backgroundverified","backgroundVerified","app\responders\page.tsx; app\join\page.tsx"
"trustscored","trustScored","app\responders\page.tsx"
"24_7support","24/7Support","app\responders\page.tsx"
"startverificationprocess","startVerificationProcess","app\responders\page.tsx"
"responders","Responders","app\responders\page.tsx"
"verified","Verified","app\responders\page.tsx"
"verifiedrespondersonly","verifiedRespondersOnly","app\portal\page.tsx"
"responderportal","responderPortal","app\portal\page.tsx"
"responderportaldesc","responderPortalDesc","app\portal\page.tsx"
"notresponderyet","notResponderYet","app\portal\page.tsx"
"applynow","applyNow","app\portal\page.tsx"
"tojoinnetwork","toJoinNetwork","app\portal\page.tsx"
"signintoportal","signInToPortal","app\portal\page.tsx"
"accessdashboard","accessDashboard","app\portal\page.tsx"
"email","email","app\portal\page.tsx; app\contact\page.tsx; components\auth\login-form.tsx"
"emailplaceholder","emailPlaceholder","app\portal\page.tsx; app\join\page.tsx; app\contact\page.tsx; components\auth\login-form.tsx"
"password","password","app\portal\page.tsx; components\auth\login-form.tsx"
"rememberme","rememberMe","app\portal\page.tsx; components\auth\login-form.tsx"
"forgotpassword","forgotPassword","app\portal\page.tsx; components\auth\login-form.tsx"
"signingin","signingIn","app\portal\page.tsx; components\auth\login-form.tsx"
"signin","signIn","app\portal\page.tsx; components\auth\login-form.tsx"
"newtoglobesos","newToGlobeSoS","app\portal\page.tsx"
"applyasresponder","applyAsResponder","app\portal\page.tsx"
"securelogin","secureLogin","app\portal\page.tsx"
"securelogindesc","secureLoginDesc","app\portal\page.tsx"
"portalfeatures","portalFeatures","app\portal\page.tsx"
"portalfeaturesdesc","portalFeaturesDesc","app\portal\page.tsx"
"howitworks","howItWorks","app\portal\page.tsx; app\docs\page.tsx; components\sos-interface-v2.tsx"
"responderworkflow","responderWorkflow","app\portal\page.tsx"
"receivealert","receiveAlert","app\portal\page.tsx"
"receivealertdesc","receiveAlertDesc","app\portal\page.tsx"
"reviewdetails","reviewDetails","app\portal\page.tsx"
"reviewdetailsdesc","reviewDetailsDesc","app\portal\page.tsx"
"communicatevictim","communicateVictim","app\portal\page.tsx"
"communicatevictimdesc","communicateVictimDesc","app\portal\page.tsx"
"respondonsite","respondOnSite","app\portal\page.tsx"
"respondonsitedesc","respondOnSiteDesc","app\portal\page.tsx"
"documentresolve","documentResolve","app\portal\page.tsx"
"documentresolvedesc","documentResolveDesc","app\portal\page.tsx"
"readytomakedifference","readyToMakeDifference","app\portal\page.tsx"
"jointhousandsofresponders","joinThousandsOfResponders","app\portal\page.tsx"
"learnmore","learnMore","app\portal\page.tsx"
"emergencymap","emergencyMap","app\map\page.tsx"
"findnearbyresponders","findNearbyResponders","app\map\page.tsx"
"error","error","app\join\page.tsx; app\contact\page.tsx; components\sos-interface.tsx; components\sos-interface-v2.tsx"
"filetoolarge20mb","fileTooLarge20MB","app\join\page.tsx"
"joinglobalnetwork","joinGlobalNetwork","app\join\page.tsx"
"joinnetworkdesc","joinNetworkDesc","app\join\page.tsx"
"professionaltools","professionalTools","app\join\page.tsx"
"globalimpact","globalImpact","app\join\page.tsx"
"whocanjoin","whoCanJoin","app\join\page.tsx"
"whocanjoindesc","whoCanJoinDesc","app\join\page.tsx"
"ngos","ngos","app\join\page.tsx; components\nearby-emergency-resources.tsx"
"ngosdesc","ngosDesc","app\join\page.tsx"
"hospitals","hospitals","app\join\page.tsx; components\nearby-emergency-resources.tsx"
"hospitalsdesc","hospitalsDesc","app\join\page.tsx"
"rescueteams","rescueTeams","app\join\page.tsx"
"rescueteamsdesc","rescueTeamsDesc","app\join\page.tsx"
"volunteers","volunteers","app\join\page.tsx; components\map-view.tsx"
"volunteersdesc","volunteersDesc","app\join\page.tsx"
"benefitsofjoining","benefitsOfJoining","app\join\page.tsx"
"verificationprocess","verificationProcess","app\join\page.tsx"
"verificationprocessdesc","verificationProcessDesc","app\join\page.tsx"
"submitapplication","submitApplication","app\join\page.tsx; app\docs\page.tsx"
"applicationformdesc","applicationFormDesc","app\join\page.tsx"
"organizationtype","organizationType","app\join\page.tsx"
"selecttype","selectType","app\join\page.tsx"
"ngo","ngo","app\join\page.tsx"
"hospital","hospital","app\join\page.tsx; components\map-view.tsx"
"rescueteam","rescueTeam","app\join\page.tsx"
"volunteer","volunteer","app\join\page.tsx"
"organizationname","organizationName","app\join\page.tsx"
"orgnameplaceholder","orgNamePlaceholder","app\join\page.tsx"
"contactpersonname","contactPersonName","app\join\page.tsx"
"nameplaceholder","namePlaceholder","app\join\page.tsx; app\contact\page.tsx"
"emailaddress","emailAddress","app\join\page.tsx; app\contact\page.tsx"
"phonenumber","phoneNumber","app\join\page.tsx"
"country","country","app\join\page.tsx"
"countryplaceholder","countryPlaceholder","app\join\page.tsx"
"city","city","app\join\page.tsx"
"cityplaceholder","cityPlaceholder","app\join\page.tsx"
"address","address","app\join\page.tsx"
"addressplaceholder","addressPlaceholder","app\join\page.tsx"
"describeexpertise","describeExpertise","app\join\page.tsx"
"descriptionplaceholder","descriptionPlaceholder","app\join\page.tsx"
"descriptionhelp","descriptionHelp","app\join\page.tsx"
"verificationdocuments","verificationDocuments","app\join\page.tsx"
"documentshelp","documentsHelp","app\join\page.tsx"
"requireddocuments","requiredDocuments","app\join\page.tsx"
"doc1","doc1","app\join\page.tsx"
"doc2","doc2","app\join\page.tsx"
"doc3","doc3","app\join\page.tsx"
"doc4","doc4","app\join\page.tsx"
"doc5","doc5","app\join\page.tsx"
"agreetoterms","agreeToTerms","app\join\page.tsx"
"termsandconditions","termsAndConditions","app\join\page.tsx"
"andrespondercode","andResponderCode","app\join\page.tsx"
"termsnote","termsNote","app\join\page.tsx"
"submitting","submitting","app\join\page.tsx; app\contact\page.tsx"
"whathappensnext","whatHappensNext","app\join\page.tsx"
"confirmationemail","confirmationEmail","app\join\page.tsx"
"confirmationemaildesc","confirmationEmailDesc","app\join\page.tsx"
"reviewprocess","reviewProcess","app\join\page.tsx"
"reviewprocessdesc","reviewProcessDesc","app\join\page.tsx"
"activation","activation","app\join\page.tsx"
"activationdesc","activationDesc","app\join\page.tsx"
"docstitle","docsTitle","app\docs\page.tsx"
"docssubtitle","docsSubtitle","app\docs\page.tsx"
"contents","contents","app\docs\page.tsx"
"docsoverview","docsOverview","app\docs\page.tsx"
"docsoverviewtext","docsOverviewText","app\docs\page.tsx"
"ourmission","ourMission","app\docs\page.tsx"
"missiontext","missionText","app\docs\page.tsx"
"languages","languages","app\docs\page.tsx; components\hero.tsx"
"alertspeed","alertSpeed","app\docs\page.tsx"
"available","available","app\docs\page.tsx; components\hero.tsx"
"step1title","step1Title","app\docs\page.tsx"
"step1desc","step1Desc","app\docs\page.tsx"
"step2title","step2Title","app\docs\page.tsx"
"step2desc","step2Desc","app\docs\page.tsx"
"step3title","step3Title","app\docs\page.tsx"
"step3desc","step3Desc","app\docs\page.tsx"
"step4title","step4Title","app\docs\page.tsx"
"step4desc","step4Desc","app\docs\page.tsx"
"step5title","step5Title","app\docs\page.tsx"
"step5desc","step5Desc","app\docs\page.tsx"
"step","step","app\docs\page.tsx"
"features","features","app\docs\page.tsx"
"multilingualsupport","multilingualSupport","app\docs\page.tsx"
"poweredbylingo","poweredByLingo","app\docs\page.tsx"
"lingodescription","lingoDescription","app\docs\page.tsx"
"instanttranslation","instantTranslation","app\docs\page.tsx"
"instanttransdesc","instantTransDesc","app\docs\page.tsx"
"contextaware","contextAware","app\docs\page.tsx"
"contextdesc","contextDesc","app\docs\page.tsx"
"voicesupport","voiceSupport","app\docs\page.tsx"
"voicedesc","voiceDesc","app\docs\page.tsx"
"offlinecache","offlineCache","app\docs\page.tsx"
"offlinedesc","offlineDesc","app\docs\page.tsx"
"useronboarding","userOnboarding","app\docs\page.tsx"
"gettingstarted","gettingStarted","app\docs\page.tsx"
"gettingstarteddesc","gettingStartedDesc","app\docs\page.tsx"
"createaccount","createAccount","app\docs\page.tsx"
"createaccountdesc","createAccountDesc","app\docs\page.tsx"
"enablelocation","enableLocation","app\docs\page.tsx; components\map-view.tsx"
"enablelocationdesc","enableLocationDesc","app\docs\page.tsx"
"setupnotifications","setupNotifications","app\docs\page.tsx"
"setupnotificationsdesc","setupNotificationsDesc","app\docs\page.tsx"
"chooselanguage","chooseLanguage","app\docs\page.tsx"
"chooselanguagedesc","chooseLanguageDesc","app\docs\page.tsx"
"testsystem","testSystem","app\docs\page.tsx"
"testsystemdesc","testSystemDesc","app\docs\page.tsx"
"responderonboarding","responderOnboarding","app\docs\page.tsx"
"becomeresponder","becomeResponder","app\docs\page.tsx"
"becomeresponderdesc","becomeResponderDesc","app\docs\page.tsx"
"submitapplicationdesc","submitApplicationDesc","app\docs\page.tsx"
"uploaddocuments","uploadDocuments","app\docs\page.tsx"
"uploaddocumentsdesc","uploadDocumentsDesc","app\docs\page.tsx"
"backgroundcheck","backgroundCheck","app\docs\page.tsx"
"backgroundcheckdesc","backgroundCheckDesc","app\docs\page.tsx"
"platformtraining","platformTraining","app\docs\page.tsx"
"platformtrainingdesc","platformTrainingDesc","app\docs\page.tsx"
"activateprofile","activateProfile","app\docs\page.tsx"
"activateprofiledesc","activateProfileDesc","app\docs\page.tsx"
"startapplication","startApplication","app\docs\page.tsx"
"emergencyusageguide","emergencyUsageGuide","app\docs\page.tsx"
"howtoreport","howToReport","app\docs\page.tsx"
"includeinsos","includeInSOS","app\docs\page.tsx"
"sositem1","sosItem1","app\docs\page.tsx"
"sositem2","sosItem2","app\docs\page.tsx"
"sositem3","sosItem3","app\docs\page.tsx"
"sositem4","sosItem4","app\docs\page.tsx"
"sositem5","sosItem5","app\docs\page.tsx"
"sositem6","sosItem6","app\docs\page.tsx"
"safetydos","safetyDos","app\docs\page.tsx"
"do1","do1","app\docs\page.tsx"
"do2","do2","app\docs\page.tsx"
"do3","do3","app\docs\page.tsx"
"do4","do4","app\docs\page.tsx"
"do5","do5","app\docs\page.tsx"
"safetydonts","safetyDonts","app\docs\page.tsx"
"dont1","dont1","app\docs\page.tsx"
"dont2","dont2","app\docs\page.tsx"
"dont3","dont3","app\docs\page.tsx"
"dont4","dont4","app\docs\page.tsx"
"dont5","dont5","app\docs\page.tsx"
"faq","faq","app\docs\page.tsx"
"stillhavequestions","stillHaveQuestions","app\docs\page.tsx"
"contactsupporttext","contactSupportText","app\docs\page.tsx"
"searching","Searching...","app\docs\page.tsx"
"no_results_found","No results found","app\docs\page.tsx"
"search_documentation","Search documentation...","app\docs\page.tsx"
"filetoolarge","fileTooLarge","app\contact\page.tsx; components\file-upload-v2.tsx"
"contactsupportdesc","contactSupportDesc","app\contact\page.tsx"
"contactinfo","contactInfo","app\contact\page.tsx"
"multiplewaystoreach","multipleWaysToReach","app\contact\page.tsx"
"emergencyhotline","emergencyHotline","app\contact\page.tsx"
"headquarters","headquarters","app\contact\page.tsx"
"availability","availability","app\contact\page.tsx"
"responsetime","responseTime","app\contact\page.tsx; components\hero.tsx"
"emergencyissues","emergencyIssues","app\contact\page.tsx"
"technicalsupport","technicalSupport","app\contact\page.tsx"
"generalinquiries","generalInquiries","app\contact\page.tsx"
"inemergency","inEmergency","app\contact\page.tsx"
"usesosalert","useSOSAlert","app\contact\page.tsx"
"sendsosalert","sendSOSAlert","app\contact\page.tsx; components\hero.tsx"
"livechatsoon","liveChatSoon","app\contact\page.tsx"
"livechatdesc","liveChatDesc","app\contact\page.tsx"
"requestsubmitted","requestSubmitted","app\contact\page.tsx"
"requestsubmitteddesc","requestSubmittedDesc","app\contact\page.tsx"
"ticketcreated","ticketCreated","app\contact\page.tsx"
"emailconfirmation","emailConfirmation","app\contact\page.tsx"
"teamnotified","teamNotified","app\contact\page.tsx"
"submitsupportrequest","submitSupportRequest","app\contact\page.tsx"
"fillformbelow","fillFormBelow","app\contact\page.tsx"
"yourname","yourName","app\contact\page.tsx"
"issuecategory","issueCategory","app\contact\page.tsx"
"selectcategory","selectCategory","app\contact\page.tsx"
"emergencysupport","emergencySupport","app\contact\page.tsx"
"technicalissue","technicalIssue","app\contact\page.tsx"
"accounthelp","accountHelp","app\contact\page.tsx"
"bugreport","bugReport","app\contact\page.tsx"
"featurerequest","featureRequest","app\contact\page.tsx"
"generalinquiry","generalInquiry","app\contact\page.tsx"
"categoryhelp","categoryHelp","app\contact\page.tsx"
"subject","subject","app\contact\page.tsx"
"subjectplaceholder","subjectPlaceholder","app\contact\page.tsx"
"message","message","app\contact\page.tsx"
"messageplaceholder","messagePlaceholder","app\contact\page.tsx"
"messagehelp","messageHelp","app\contact\page.tsx"
"attachment","attachment","app\contact\page.tsx"
"attachmenthelp","attachmentHelp","app\contact\page.tsx"
"submitrequest","submitRequest","app\contact\page.tsx"
"foundbug","foundBug","app\contact\page.tsx"
"bugreportinginstructions","bugReportingInstructions","app\contact\page.tsx"
"whattoinclude","whatToInclude","app\contact\page.tsx"
"bugitem1","bugItem1","app\contact\page.tsx"
"bugitem2","bugItem2","app\contact\page.tsx"
"bugitem3","bugItem3","app\contact\page.tsx"
"bugitem4","bugItem4","app\contact\page.tsx"
"bugitem5","bugItem5","app\contact\page.tsx"
"prioritylevels","priorityLevels","app\contact\page.tsx"
"critical","critical","app\contact\page.tsx"
"criticaldesc","criticalDesc","app\contact\page.tsx"
"high","high","app\contact\page.tsx"
"highdesc","highDesc","app\contact\page.tsx"
"medium","medium","app\contact\page.tsx"
"mediumdesc","mediumDesc","app\contact\page.tsx"
"low","low","app\contact\page.tsx"
"lowdesc","lowDesc","app\contact\page.tsx"
"us_1_800_sos_help","US: +1 (800) SOS-HELP","app\contact\page.tsx"
"uk_44_20_sos_help","UK: +44 20 SOS-HELP","app\contact\page.tsx"
"eu_33_1_sos_help","EU: +33 1 SOS-HELP","app\contact\page.tsx"
"san_francisco_ca","San Francisco, CA","app\contact\page.tsx"
"emergencychat","emergencyChat","app\chat\page.tsx"
"realtimemultilingualcomm","realtimeMultilingualComm","app\chat\page.tsx"
"auth_jointhenetwork","auth.joinTheNetwork","app\auth\register\page.tsx"
"auth_registerasverifiedresponder","auth.registerAsVerifiedResponder","app\auth\register\page.tsx"
"auth_alreadyhaveaccount","auth.alreadyHaveAccount","app\auth\register\page.tsx"
"auth_signin","auth.signIn","app\auth\register\page.tsx"
"globesos","GlobeSoS","app\auth\register\page.tsx; app\auth\login\page.tsx; app\about\page.tsx; components\hero.tsx; components\footer.tsx; components\dashboard\header.tsx"
"auth_welcomeback","auth.welcomeBack","app\auth\login\page.tsx"
"auth_signintodashboard","auth.signInToDashboard","app\auth\login\page.tsx"
"auth_donthaveaccount","auth.dontHaveAccount","app\auth\login\page.tsx"
"auth_registerasresponder","auth.registerAsResponder","app\auth\login\page.tsx"
"bucket","bucket","app\api\upload\route.ts"
"folder","folder","app\api\upload\route.ts"
"created_at_updated_at_status","created_at, updated_at, status","app\api\stats\route.ts"
"location","location","app\api\stats\route.ts; app\api\analytics\geographic\route.ts; components\dashboard\alerts-table.tsx"
"lat","lat","app\api\responders\route.ts; app\api\nearby\route.ts"
"lng","lng","app\api\responders\route.ts; app\api\nearby\route.ts"
"radius","radius","app\api\responders\route.ts; app\api\nearby\route.ts"
"id_organization_verification_status_specialization","id,
        organization,
        verification_status,
        specializations,
        available,
        user_id,
        profiles!inner(
          email
        ),
        responder_locations!inner(
          location,
          updated_at
        )","app\api\responders\route.ts"
"responderid","responderId","app\api\responders\location\route.ts"
"userid","userId","app\api\push\route.ts; app\api\notifications\route.ts; app\api\alerts\route.ts"
"subscription","subscription","app\api\push\route.ts"
"unreadonly","unreadOnly","app\api\notifications\route.ts"
"chatid","chatId","app\api\chat\messages\route.ts"
"session_token","session-token","app\api\auth\login\route.ts"
"days","days","app\api\analytics\trends\route.ts; app\api\analytics\response-times\route.ts; app\api\analytics\response-time\route.ts; app\api\analytics\geographic\route.ts; app\api\analytics\alerts\route.ts"
"id_status_created_at_resolved_at_priority_response","id,
        status,
        created_at,
        resolved_at,
        priority,
        responses!inner(
          id,
          created_at,
          responder_id,
          status
        )","app\api\analytics\response-times\route.ts"
"id_status_urgency_level_created_at_location","id,
        status,
        urgency_level,
        created_at,
        location","app\api\analytics\geographic\route.ts"
"id_status_created_at_updated_at_urgency_level_emer","id, status, created_at, updated_at, urgency_level, emergency_type","app\api\analytics\alerts\route.ts"
"status","status","app\api\alerts\route.ts; components\dashboard\alerts-table.tsx"
"limit","limit","app\api\alerts\route.ts"
"user_id","user_id","app\api\alerts\panic\route.ts; app\api\alerts\broadcast\route.ts"
"id_user_id_organization_profiles_user_id_name","id,
        user_id,
        organization,
        profiles:user_id (
          name
        )","app\api\alerts\notify\route.ts"
"our_mission","Our Mission","app\about\page.tsx"
"our_values","Our Values","app\about\page.tsx"
"how_we_work","How We Work","app\about\page.tsx"
"our_impact","Our Impact","app\about\page.tsx"
"voicenotsupported","voiceNotSupported","components\voice-input.tsx; components\voice-input-v2.tsx"
"startrecording","startRecording","components\voice-input.tsx; components\voice-input-v2.tsx"
"stoprecording","stopRecording","components\voice-input.tsx; components\voice-input-v2.tsx"
"clear","clear","components\voice-input.tsx; components\voice-input-v2.tsx"
"recording","recording","components\voice-input.tsx; components\voice-input-v2.tsx"
"speaknow","speakNow","components\voice-input.tsx; components\voice-input-v2.tsx; components\sos-interface.tsx"
"voiceinput","voiceInput","components\voice-input.tsx"
"voiceinputerror","voiceInputError","components\voice-input-v2.tsx"
"nospeechdetected","noSpeechDetected","components\voice-input-v2.tsx"
"microphoneerror","microphoneError","components\voice-input-v2.tsx"
"microphonepermissiondenied","microphonePermissionDenied","components\voice-input-v2.tsx"
"voiceiniterror","voiceInitError","components\voice-input-v2.tsx"
"failedtostart","failedToStart","components\voice-input-v2.tsx"
"checkingvoicesupport","checkingVoiceSupport","components\voice-input-v2.tsx"
"voicenotsupporteddesc","voiceNotSupportedDesc","components\voice-input-v2.tsx"
"initializing","initializing","components\voice-input-v2.tsx"
"transcriptioncomplete","transcriptionComplete","components\voice-input-v2.tsx"
"clicktostartvoice","clickToStartVoice","components\voice-input-v2.tsx"
"voiceinputhint","voiceInputHint","components\voice-input-v2.tsx"
"translation_failed_please_try_again","Translation failed. Please try again.","components\translation-demo.tsx"
"try_live_translation","Try Live Translation","components\translation-demo.tsx"
"emergency_message","Emergency Message","components\translation-demo.tsx"
"translation","Translation","components\translation-demo.tsx"
"ai_classification","AI Classification","components\translation-demo.tsx"
"translation_will_appear_here","Translation will appear here","components\translation-demo.tsx"
"type_your_emergency_message","Type your emergency message...","components\translation-demo.tsx"
"emergencyalert","emergencyAlert","components\sos-interface.tsx; components\sos-interface-v2.tsx"
"alertactive","alertActive","components\sos-interface.tsx; components\sos-interface-v2.tsx"
"respondersnotified","respondersNotified","components\sos-interface.tsx; components\sos-interface-v2.tsx"
"emergencyinterface","emergencyInterface","components\sos-interface.tsx; components\sos-interface-v2.tsx"
"helpinonetap","helpInOneTap","components\sos-interface.tsx; components\sos-interface-v2.tsx"
"sendsos","sendSOS","components\sos-interface.tsx; components\sos-interface-v2.tsx"
"locationshared","locationShared","components\sos-interface.tsx; components\sos-interface-v2.tsx"
"instantcontact","instantContact","components\sos-interface.tsx; components\sos-interface-v2.tsx"
"multilingualtranslation","multilingualTranslation","components\sos-interface.tsx; components\sos-interface-v2.tsx"
"autoescalate","autoEscalate","components\sos-interface.tsx; components\sos-interface-v2.tsx"
"alertqueued","alertQueued","components\sos-interface.tsx"
"alertsavedoffline","alertSavedOffline","components\sos-interface.tsx"
"autoescalatein","autoEscalateIn","components\sos-interface.tsx"
"queued","queued","components\sos-interface.tsx"
"alert","alert","components\sos-interface.tsx"
"alerts","alerts","components\sos-interface.tsx"
"cancelalert","cancelAlert","components\sos-interface.tsx; components\sos-interface-v2.tsx"
"emergencytype","emergencyType","components\sos-interface.tsx; components\sos-interface-v2.tsx"
"additionaldetails","additionalDetails","components\sos-interface.tsx; components\sos-interface-v2.tsx"
"describeemergency","describeEmergency","components\sos-interface.tsx; components\sos-interface-v2.tsx"
"voiceemergencydetails","voiceEmergencyDetails","components\sos-interface.tsx; components\sos-interface-v2.tsx"
"attachfiles","attachFiles","components\sos-interface.tsx; components\sos-interface-v2.tsx"
"broadcasting","broadcasting","components\sos-interface.tsx; components\sos-interface-v2.tsx"
"skipdetails","skipDetails","components\sos-interface.tsx; components\sos-interface-v2.tsx"
"cancel","cancel","components\sos-interface.tsx; components\sos-interface-v2.tsx; components\pwa-install-prompt.tsx"
"emergencytypes","emergencyTypes","components\sos-interface.tsx"
"sosdescription","sosDescription","components\sos-interface.tsx"
"emergency_medicalemergency","emergency.medicalEmergency","components\sos-interface-v2.tsx"
"emergency_medicalemergencydesc","emergency.medicalEmergencyDesc","components\sos-interface-v2.tsx"
"emergency_fireemergency","emergency.fireEmergency","components\sos-interface-v2.tsx"
"emergency_fireemergencydesc","emergency.fireEmergencyDesc","components\sos-interface-v2.tsx"
"emergency_securityemergency","emergency.securityEmergency","components\sos-interface-v2.tsx"
"emergency_securityemergencydesc","emergency.securityEmergencyDesc","components\sos-interface-v2.tsx"
"emergency_otheremergency","emergency.otherEmergency","components\sos-interface-v2.tsx"
"emergency_otheremergencydesc","emergency.otherEmergencyDesc","components\sos-interface-v2.tsx"
"locationerror","locationError","components\sos-interface-v2.tsx; components\nearby-emergency-resources.tsx"
"locationerrordesc","locationErrorDesc","components\sos-interface-v2.tsx; components\nearby-emergency-resources.tsx"
"sosalertsent","sosAlertSent","components\sos-interface-v2.tsx"
"failedtosendsos","failedToSendSOS","components\sos-interface-v2.tsx"
"requesttimeout","requestTimeout","components\sos-interface-v2.tsx"
"alertcancelled","alertCancelled","components\sos-interface-v2.tsx"
"alertcancelleddesc","alertCancelledDesc","components\sos-interface-v2.tsx"
"getting_location","Getting location...","components\sos-interface-v2.tsx"
"location_detected","Location detected:","components\sos-interface-v2.tsx"
"broadcasting_sos_signal","Broadcasting SOS Signal","components\sos-interface-v2.tsx"
"auto_escalation_in","Auto-escalation in:","components\sos-interface-v2.tsx"
"verified_responders","Verified Responders","components\responder-verification.tsx"
"no_responders_available","No Responders Available","components\responder-verification.tsx"
"contact_selectedresponder_name","Contact {selectedResponder.name}","components\responder-verification.tsx"
"active_alerts_subscription","Active Alerts Subscription","components\realtime-test-panel.tsx"
"chat_messages_subscription","Chat Messages Subscription","components\realtime-test-panel.tsx"
"real_time_notifications","Real-time Notifications","components\realtime-test-panel.tsx"
"responder_locations","Responder Locations","components\realtime-test-panel.tsx"
"push_notifications","Push Notifications","components\realtime-test-panel.tsx"
"realtime_features_test","Realtime Features Test","components\realtime-test-panel.tsx"
"last_tested_result_timestamp","Last tested: {result.timestamp}","components\realtime-test-panel.tsx"
"notifications","Notifications","components\real-time-notifications.tsx"
"no_notifications_yet","No notifications yet","components\real-time-notifications.tsx"
"installapp","installApp","components\pwa-install-prompt.tsx"
"nearby_responders","Nearby Responders","components\nearby-responders.tsx"
"verified_emergency_services_in_your_area","Verified emergency services in your area","components\nearby-responders.tsx"
"loading_nearby_responders","Loading nearby responders...","components\nearby-responders.tsx"
"all","all","components\nearby-emergency-resources.tsx"
"clinics","clinics","components\nearby-emergency-resources.tsx"
"pharmacies","pharmacies","components\nearby-emergency-resources.tsx"
"police","police","components\nearby-emergency-resources.tsx"
"firestations","fireStations","components\nearby-emergency-resources.tsx"
"nearbyresources","nearbyResources","components\nearby-emergency-resources.tsx"
"loadingnearbyplaces","loadingNearbyPlaces","components\nearby-emergency-resources.tsx"
"retrylocation","retryLocation","components\nearby-emergency-resources.tsx"
"noplacesfound","noPlacesFound","components\nearby-emergency-resources.tsx"
"noplacesdesc","noPlacesDesc","components\nearby-emergency-resources.tsx"
"refresh","refresh","components\nearby-emergency-resources.tsx"
"foundplaces","foundPlaces","components\nearby-emergency-resources.tsx"
"placesnearby","placesNearby","components\nearby-emergency-resources.tsx"
"website","website","components\nearby-emergency-resources.tsx"
"navigate","navigate","components\nearby-emergency-resources.tsx"
"loading","loading","components\nearby-emergency-resources.tsx; components\ui\spinner.tsx; components\dashboard\recent-activity.tsx"
"showingresults","showingResults","components\nearby-emergency-resources.tsx"
"results","results","components\nearby-emergency-resources.tsx"
"navigation_dashboard","navigation.dashboard","components\navbar.tsx"
"navigation_logout","navigation.logout","components\navbar.tsx"
"navigation_login","navigation.login","components\navbar.tsx"
"navigation_register","navigation.register","components\navbar.tsx"
"emergency_response","EMERGENCY RESPONSE","components\navbar.tsx"
"close_menu","Close menu","components\navbar.tsx"
"emergency_multilingualassistant","emergency.multilingualAssistant","components\multilingual-emergency-assistant.tsx"
"emergency_assistantdescription","emergency.assistantDescription","components\multilingual-emergency-assistant.tsx"
"emergency_detectedlanguage","emergency.detectedLanguage","components\multilingual-emergency-assistant.tsx"
"emergency_describeemergency","emergency.describeEmergency","components\multilingual-emergency-assistant.tsx"
"emergency_descriptionplaceholder","emergency.descriptionPlaceholder","components\multilingual-emergency-assistant.tsx"
"emergency_translateto","emergency.translateTo","components\multilingual-emergency-assistant.tsx"
"emergency_classifytype","emergency.classifyType","components\multilingual-emergency-assistant.tsx"
"emergency_translatenow","emergency.translateNow","components\multilingual-emergency-assistant.tsx"
"emergency_classification","emergency.classification","components\multilingual-emergency-assistant.tsx"
"emergency_category","emergency.category","components\multilingual-emergency-assistant.tsx"
"emergency_confidence","emergency.confidence","components\multilingual-emergency-assistant.tsx"
"emergency_keywords","emergency.keywords","components\multilingual-emergency-assistant.tsx"
"emergency_translations","emergency.translations","components\multilingual-emergency-assistant.tsx"
"common_copy","common.copy","components\multilingual-emergency-assistant.tsx"
"emergency_tip","emergency.tip","components\multilingual-emergency-assistant.tsx"
"emergency_tiptext","emergency.tipText","components\multilingual-emergency-assistant.tsx"
"map_content","./map-content","components\map-view.tsx"
"count","count","components\map-view.tsx"
"id_responder_id_latitude_longitude_last_updated_st","id,
          responder_id,
          latitude,
          longitude,
          last_updated,
          status,
          accuracy,
          responders!inner (
            id,
            organization,
            specializations,
            verification_status,
            active,
            user_id,
            profiles (
              email
            )
          )","components\map-view.tsx"
"map","map","components\map-view.tsx"
"getlocation","getLocation","components\map-view.tsx"
"legend","Legend","components\map-view.tsx"
"your_location","Your Location","components\map-view.tsx; components\map-content.tsx"
"react_leaflet","react-leaflet","components\map-content.tsx"
"openstreetmap","OpenStreetMap","components\map-content.tsx"
"you_are_here","You are here","components\map-content.tsx"
"language_detected","Language Detected!","components\language-detection-popup.tsx"
"emergency_alerts_in_your_native_language","Emergency alerts in your native language","components\language-detection-popup.tsx"
"better_communication_with_responders","Better communication with responders","components\language-detection-popup.tsx"
"faster_help_in_emergencies","Faster help in emergencies","components\language-detection-popup.tsx"
"howitworks_step1title","howItWorks.step1Title","components\how-it-works.tsx"
"howitworks_step1desc","howItWorks.step1Desc","components\how-it-works.tsx"
"howitworks_step2title","howItWorks.step2Title","components\how-it-works.tsx"
"howitworks_step2desc","howItWorks.step2Desc","components\how-it-works.tsx"
"howitworks_step3title","howItWorks.step3Title","components\how-it-works.tsx"
"howitworks_step3desc","howItWorks.step3Desc","components\how-it-works.tsx"
"howitworks_step4title","howItWorks.step4Title","components\how-it-works.tsx"
"howitworks_step4desc","howItWorks.step4Desc","components\how-it-works.tsx"
"howitworks_badge","howItWorks.badge","components\how-it-works.tsx"
"howitworks_title","howItWorks.title","components\how-it-works.tsx"
"howitworks_subtitle","howItWorks.subtitle","components\how-it-works.tsx"
"home_emergencyresponsewithoutborders","home.emergencyResponseWithoutBorders","components\hero.tsx"
"home_aipoweredplatformdescription","home.aiPoweredPlatformDescription","components\hero.tsx"
"registerasresponder","registerAsResponder","components\hero.tsx"
"coverage","coverage","components\hero.tsx"
"globalimpact_title","globalImpact.title","components\global-impact.tsx"
"globalimpact_description","globalImpact.description","components\global-impact.tsx"
"globalimpact_verifiedresponders","globalImpact.verifiedResponders","components\global-impact.tsx"
"globalimpact_countriescovered","globalImpact.countriesCovered","components\global-impact.tsx"
"globalimpact_languagessupported","globalImpact.languagesSupported","components\global-impact.tsx"
"globalimpact_alwaysavailable","globalImpact.alwaysAvailable","components\global-impact.tsx"
"footer_description","footer.description","components\footer.tsx"
"footer_platform","footer.platform","components\footer.tsx"
"footer_resources","footer.resources","components\footer.tsx"
"footer_copyright","footer.copyright","components\footer.tsx"
"lingo_dev","Lingo.dev","components\footer.tsx"
"selected_files","Selected Files:","components\file-upload.tsx"
"uploaded_files","Uploaded Files:","components\file-upload.tsx"
"file_upload","File upload","components\file-upload.tsx"
"filetypenotaccepted","fileTypeNotAccepted","components\file-upload-v2.tsx"
"uploadfailed","uploadFailed","components\file-upload-v2.tsx"
"maxfilesexceeded","maxFilesExceeded","components\file-upload-v2.tsx"
"dropfileshere","dropFilesHere","components\file-upload-v2.tsx"
"draganddropfiles","dragAndDropFiles","components\file-upload-v2.tsx"
"orclicktobrowse","orClickToBrowse","components\file-upload-v2.tsx"
"acceptedtypes","acceptedTypes","components\file-upload-v2.tsx"
"maxfiles","maxFiles","components\file-upload-v2.tsx"
"uploadedfiles","uploadedFiles","components\file-upload-v2.tsx"
"uploaded","uploaded","components\file-upload-v2.tsx"
"retry","retry","components\file-upload-v2.tsx"
"features_aitranslation","features.aiTranslation","components\features.tsx"
"features_aitranslationdescription","features.aiTranslationDescription","components\features.tsx"
"features_smartlocation","features.smartLocation","components\features.tsx"
"features_smartlocationdescription","features.smartLocationDescription","components\features.tsx"
"features_realtimealerts","features.realTimeAlerts","components\features.tsx"
"features_realtimealertsdescription","features.realTimeAlertsDescription","components\features.tsx"
"features_verifiednetwork","features.verifiedNetwork","components\features.tsx"
"features_verifiednetworkdescription","features.verifiedNetworkDescription","components\features.tsx"
"features_responderdashboard","features.responderDashboard","components\features.tsx"
"features_responderdashboarddescription","features.responderDashboardDescription","components\features.tsx"
"features_globalcoverage","features.globalCoverage","components\features.tsx"
"features_globalcoveragedescription","features.globalCoverageDescription","components\features.tsx"
"features_title","features.title","components\features.tsx"
"features_description","features.description","components\features.tsx"
"database_tables_test","Database Tables Test","components\database-test-panel.tsx"
"setup_required","Setup Required:","components\database-test-panel.tsx"
"translated","translated","components\chat-interface.tsx"
"typeyourmessage","typeYourMessage","components\chat-interface.tsx"
"emergency_response_team","Emergency Response Team","components\chat-interface.tsx"
"active_responding","Active · Responding","components\chat-interface.tsx"
"loading_messages","Loading messages...","components\chat-interface.tsx"
"no_messages_yet_start_the_conversation","No messages yet. Start the conversation.","components\chat-interface.tsx"
"messages_auto_translate_to_responder_s_language","Messages auto-translate to responder's language","components\chat-interface.tsx"
"you_re_a_responder","You're a Responder!","components\become-responder.tsx"
"become_a_responder","Become a Responder","components\become-responder.tsx"
"organization_name","Organization / Name","components\become-responder.tsx"
"specializations","Specializations","components\become-responder.tsx"
"response_radius_km","Response Radius (km)","components\become-responder.tsx"
"location_tracking","Location Tracking","components\become-responder.tsx"
"e_g_city_hospital_fire_dept_volunteer","e.g., City Hospital, Fire Dept, Volunteer","components\become-responder.tsx"
"active_alerts","Active Alerts","components\active-alerts.tsx"
"real_time_emergency_alerts_in_your_area","Real-time emergency alerts in your area","components\active-alerts.tsx"
"no_active_alerts_in_your_area","No active alerts in your area","components\active-alerts.tsx"
"user_id_alert_user_id_slice_0_8","User ID: {alert.user_id.slice(0, 8)}...","components\active-alerts.tsx"
"showing_alerts_within_10km_radius","Showing alerts within 10km radius","components\active-alerts.tsx"
"sidebar","Sidebar","components\ui\sidebar.tsx"
"displays_the_mobile_sidebar","Displays the mobile sidebar.","components\ui\sidebar.tsx"
"toggle_sidebar","Toggle Sidebar","components\ui\sidebar.tsx"
"close","Close","components\ui\sheet.tsx; components\ui\dialog.tsx"
"previous","Previous","components\ui\pagination.tsx"
"next","Next","components\ui\pagination.tsx"
"more_pages","More pages","components\ui\pagination.tsx"
"pagination","pagination","components\ui\pagination.tsx"
"go_to_previous_page","Go to previous page","components\ui\pagination.tsx"
"go_to_next_page","Go to next page","components\ui\pagination.tsx"
"button","button","components\ui\input-group.tsx"
"previous_slide","Previous slide","components\ui\carousel.tsx"
"next_slide","Next slide","components\ui\carousel.tsx"
"more","More","components\ui\breadcrumb.tsx"
"breadcrumb","breadcrumb","components\ui\breadcrumb.tsx"
"response_time_analytics","Response Time Analytics","components\dashboard\response-time-analytics.tsx"
"average_response_time_by_type","Average Response Time by Type","components\dashboard\response-time-analytics.tsx"
"performance_summary","Performance Summary","components\dashboard\response-time-analytics.tsx"
"overall_average","Overall Average","components\dashboard\response-time-analytics.tsx"
"across_all_emergency_types","Across all emergency types","components\dashboard\response-time-analytics.tsx"
"total_resolved","Total Resolved","components\dashboard\response-time-analytics.tsx"
"successfully_responded_alerts","Successfully responded alerts","components\dashboard\response-time-analytics.tsx"
"id_name_type_active_status","id, name, type, active, status","components\dashboard\responder-status.tsx"
"team_status","Team Status","components\dashboard\responder-status.tsx"
"loading_team_status","Loading team status...","components\dashboard\responder-status.tsx"
"recentactivity","recentActivity","components\dashboard\recent-activity.tsx"
"norecentactivity","noRecentActivity","components\dashboard\recent-activity.tsx"
"responder_dashboard","Responder Dashboard","components\dashboard\header.tsx"
"geographic_alert_distribution","Geographic Alert Distribution","components\dashboard\geographic-analytics.tsx"
"total_alerts","Total Alerts","components\dashboard\geographic-analytics.tsx"
"with_location","With Location","components\dashboard\geographic-analytics.tsx"
"urban_areas","Urban Areas","components\dashboard\geographic-analytics.tsx"
"rural_areas","Rural Areas","components\dashboard\geographic-analytics.tsx"
"recent_alerts","Recent Alerts","components\dashboard\alerts-table.tsx"
"real_time_emergency_alerts_requiring_attention","Real-time emergency alerts requiring attention","components\dashboard\alerts-table.tsx"
"view_all","View All","components\dashboard\alerts-table.tsx"
"alert_id","Alert ID","components\dashboard\alerts-table.tsx"
"type","Type","components\dashboard\alerts-table.tsx"
"priority","Priority","components\dashboard\alerts-table.tsx"
"responder","Responder","components\dashboard\alerts-table.tsx"
"actions","Actions","components\dashboard\alerts-table.tsx"
"alert_trends_7_days","Alert Trends (7 Days)","components\dashboard\alert-trends-chart.tsx"
"total","Total","components\dashboard\alert-trends-chart.tsx"
"medical","Medical","components\dashboard\alert-trends-chart.tsx"
"fire","Fire","components\dashboard\alert-trends-chart.tsx"
"security","Security","components\dashboard\alert-trends-chart.tsx"
"activity_heatmap","Activity Heatmap","components\dashboard\activity-map.tsx"
"active","Active","components\dashboard\activity-map.tsx"
"responding","Responding","components\dashboard\activity-map.tsx"
"resolved","Resolved","components\dashboard\activity-map.tsx"
"hospital_medical_center","Hospital / Medical Center","components\auth\register-form.tsx"
"ngo_relief_organization","NGO / Relief Organization","components\auth\register-form.tsx"
"volunteer_responder","Volunteer Responder","components\auth\register-form.tsx"
"fire_department","Fire Department","components\auth\register-form.tsx"
"police_security","Police / Security","components\auth\register-form.tsx"
"john_doe","John Doe","components\auth\register-form.tsx"
"responder_example_com","responder@example.com","components\auth\register-form.tsx"
"red_cross_city_hospital_etc","Red Cross, City Hospital, etc.","components\auth\register-form.tsx"
"select_your_role","Select your role","components\auth\register-form.tsx"
"successfullysignedin","successfullySignedIn","components\auth\login-form.tsx"
"failedtosignin","failedToSignIn","components\auth\login-form.tsx"
"status_responders","status, responders","lib\sos-system.ts"
"id_user_id_profiles_user_id_name_organization","id,
        user_id,
        profiles:user_id (
          name,
          organization
        )","lib\sos-system.ts"